suite,condition_id,retriever,max_steps,process_feedback,quality_reweight,judge_mode,qa_id,qa_type,question,ground_truth_answer,predicted_answer,reference_episodes,trajectory_path,qa_count,trajectory_length,elapsed_seconds,total_chunks_retrieved,usage_delta,cost_usd,judge_score,is_correct,retrieval_precision,hallucination_rate,lexical_f1,exact_match,success,reason,reference_episode_recall
main,main__grep__steps2__judge0__quality0__modenone,grep,2,False,False,none,q000,multihop,"Ryan Hall mentions a tech entrepreneur in his discussion on the mindset of warriors; in a separate conversation with that entrepreneur about brain-computer interfaces, what was the specific bit rate achieved by the first human participant, Noland Arbaugh?",Noland Arbaugh achieved a bit rate of 8.5 bits per second using the Neuralink implant. This performance exceeded previous world records and was highlighted during Elon Musk's discussion on the progress of human-AI symbiosis.,Unable to generate answer due to an error.,"[125, 438]",/home/adhiraj/Downloads/llm_project/agentic-rag-search/data/results/20260330_163055_main18_qualityoff_smoke3/trajectories/main__grep__steps2__judge0__quality0__modenone__q000.json,3,1,9.176801204681396,0,"{'requests': 0, 'errors': 6, 'input_tokens': 0, 'output_tokens': 0, 'embedding_tokens': 0, 'estimated_cost': 0.0}",0.0,1,False,0.0,1.0,0.0,False,False,"Evaluator failed: 429 RESOURCE_EXHAUSTED. {'error': {'code': 429, 'message': 'Your project has exceeded its spending cap.', 'status': 'RESOURCE_EXHAUSTED'}}",0.0
main,main__grep__steps2__judge0__quality0__modenone,grep,2,False,False,none,q001,multihop,"Ben Goertzel mentions the work of Stephen Wolfram in the context of computational complexity and AGI; according to Wolfram's own explanation of his Physics Project, how is the concept of 'time' fundamentally defined?","In the Wolfram Physics Project, time is defined as the progression of computation, representing the repeated application of rules to the underlying structure of space. This differs from space itself, which Wolfram describes as being composed of discrete 'atoms of space' connected in a hypergraph.",Unable to generate answer due to an error.,"[103, 124]",/home/adhiraj/Downloads/llm_project/agentic-rag-search/data/results/20260330_163055_main18_qualityoff_smoke3/trajectories/main__grep__steps2__judge0__quality0__modenone__q001.json,3,1,9.54330325126648,0,"{'requests': 0, 'errors': 6, 'input_tokens': 0, 'output_tokens': 0, 'embedding_tokens': 0, 'estimated_cost': 0.0}",0.0,1,False,0.0,1.0,0.03773584905660377,False,False,"Evaluator failed: 429 RESOURCE_EXHAUSTED. {'error': {'code': 429, 'message': 'Your project has exceeded its spending cap.', 'status': 'RESOURCE_EXHAUSTED'}}",0.0
main,main__grep__steps2__judge0__quality0__modenone,grep,2,False,False,none,q002,comparative,How do Ryan Hall and Kelsi Sheren differ in their interpretation of the history of human conflict and its impact on the individual?,"Ryan Hall approaches the history of violence and conflict through a philosophical lens, viewing the mindset of historical warriors like Miyamoto Musashi as a path toward personal grace and wisdom. In contrast, Kelsi Sheren focuses on the visceral and traumatic reality of modern warfare, highlighting how historical patterns of conflict result in lasting psychological damage like PTSD for those on the front lines.",Unable to generate answer due to an error.,"[125, 230, 438]",/home/adhiraj/Downloads/llm_project/agentic-rag-search/data/results/20260330_163055_main18_qualityoff_smoke3/trajectories/main__grep__steps2__judge0__quality0__modenone__q002.json,3,1,9.50389814376831,0,"{'requests': 0, 'errors': 6, 'input_tokens': 0, 'output_tokens': 0, 'embedding_tokens': 0, 'estimated_cost': 0.0}",0.0,1,False,0.0,1.0,0.0,False,False,"Evaluator failed: 429 RESOURCE_EXHAUSTED. {'error': {'code': 429, 'message': 'Your project has exceeded its spending cap.', 'status': 'RESOURCE_EXHAUSTED'}}",0.0
main,main__grep__steps2__judge1__quality0__modeprocess,grep,2,True,False,process,q000,multihop,"Ryan Hall mentions a tech entrepreneur in his discussion on the mindset of warriors; in a separate conversation with that entrepreneur about brain-computer interfaces, what was the specific bit rate achieved by the first human participant, Noland Arbaugh?",Noland Arbaugh achieved a bit rate of 8.5 bits per second using the Neuralink implant. This performance exceeded previous world records and was highlighted during Elon Musk's discussion on the progress of human-AI symbiosis.,Unable to generate answer due to an error.,"[125, 438]",/home/adhiraj/Downloads/llm_project/agentic-rag-search/data/results/20260330_163055_main18_qualityoff_smoke3/trajectories/main__grep__steps2__judge1__quality0__modeprocess__q000.json,3,1,9.567262172698975,0,"{'requests': 0, 'errors': 6, 'input_tokens': 0, 'output_tokens': 0, 'embedding_tokens': 0, 'estimated_cost': 0.0}",0.0,1,False,0.0,1.0,0.0,False,False,"Evaluator failed: 429 RESOURCE_EXHAUSTED. {'error': {'code': 429, 'message': 'Your project has exceeded its spending cap.', 'status': 'RESOURCE_EXHAUSTED'}}",0.0
main,main__grep__steps2__judge1__quality0__modeprocess,grep,2,True,False,process,q001,multihop,"Ben Goertzel mentions the work of Stephen Wolfram in the context of computational complexity and AGI; according to Wolfram's own explanation of his Physics Project, how is the concept of 'time' fundamentally defined?","In the Wolfram Physics Project, time is defined as the progression of computation, representing the repeated application of rules to the underlying structure of space. This differs from space itself, which Wolfram describes as being composed of discrete 'atoms of space' connected in a hypergraph.",Unable to generate answer due to an error.,"[103, 124]",/home/adhiraj/Downloads/llm_project/agentic-rag-search/data/results/20260330_163055_main18_qualityoff_smoke3/trajectories/main__grep__steps2__judge1__quality0__modeprocess__q001.json,3,1,9.416428327560425,0,"{'requests': 0, 'errors': 6, 'input_tokens': 0, 'output_tokens': 0, 'embedding_tokens': 0, 'estimated_cost': 0.0}",0.0,1,False,0.0,1.0,0.03773584905660377,False,False,"Evaluator failed: 429 RESOURCE_EXHAUSTED. {'error': {'code': 429, 'message': 'Your project has exceeded its spending cap.', 'status': 'RESOURCE_EXHAUSTED'}}",0.0
main,main__grep__steps2__judge1__quality0__modeprocess,grep,2,True,False,process,q002,comparative,How do Ryan Hall and Kelsi Sheren differ in their interpretation of the history of human conflict and its impact on the individual?,"Ryan Hall approaches the history of violence and conflict through a philosophical lens, viewing the mindset of historical warriors like Miyamoto Musashi as a path toward personal grace and wisdom. In contrast, Kelsi Sheren focuses on the visceral and traumatic reality of modern warfare, highlighting how historical patterns of conflict result in lasting psychological damage like PTSD for those on the front lines.",Unable to generate answer due to an error.,"[125, 230, 438]",/home/adhiraj/Downloads/llm_project/agentic-rag-search/data/results/20260330_163055_main18_qualityoff_smoke3/trajectories/main__grep__steps2__judge1__quality0__modeprocess__q002.json,3,1,9.520573139190674,0,"{'requests': 0, 'errors': 6, 'input_tokens': 0, 'output_tokens': 0, 'embedding_tokens': 0, 'estimated_cost': 0.0}",0.0,1,False,0.0,1.0,0.0,False,False,"Evaluator failed: 429 RESOURCE_EXHAUSTED. {'error': {'code': 429, 'message': 'Your project has exceeded its spending cap.', 'status': 'RESOURCE_EXHAUSTED'}}",0.0
main,main__grep__steps3__judge0__quality0__modenone,grep,3,False,False,none,q000,multihop,"Ryan Hall mentions a tech entrepreneur in his discussion on the mindset of warriors; in a separate conversation with that entrepreneur about brain-computer interfaces, what was the specific bit rate achieved by the first human participant, Noland Arbaugh?",Noland Arbaugh achieved a bit rate of 8.5 bits per second using the Neuralink implant. This performance exceeded previous world records and was highlighted during Elon Musk's discussion on the progress of human-AI symbiosis.,Unable to generate answer due to an error.,"[125, 438]",/home/adhiraj/Downloads/llm_project/agentic-rag-search/data/results/20260330_163055_main18_qualityoff_smoke3/trajectories/main__grep__steps3__judge0__quality0__modenone__q000.json,3,1,9.50713586807251,0,"{'requests': 0, 'errors': 6, 'input_tokens': 0, 'output_tokens': 0, 'embedding_tokens': 0, 'estimated_cost': 0.0}",0.0,1,False,0.0,1.0,0.0,False,False,"Evaluator failed: 429 RESOURCE_EXHAUSTED. {'error': {'code': 429, 'message': 'Your project has exceeded its spending cap.', 'status': 'RESOURCE_EXHAUSTED'}}",0.0
main,main__grep__steps3__judge0__quality0__modenone,grep,3,False,False,none,q001,multihop,"Ben Goertzel mentions the work of Stephen Wolfram in the context of computational complexity and AGI; according to Wolfram's own explanation of his Physics Project, how is the concept of 'time' fundamentally defined?","In the Wolfram Physics Project, time is defined as the progression of computation, representing the repeated application of rules to the underlying structure of space. This differs from space itself, which Wolfram describes as being composed of discrete 'atoms of space' connected in a hypergraph.",Unable to generate answer due to an error.,"[103, 124]",/home/adhiraj/Downloads/llm_project/agentic-rag-search/data/results/20260330_163055_main18_qualityoff_smoke3/trajectories/main__grep__steps3__judge0__quality0__modenone__q001.json,3,1,9.55263376235962,0,"{'requests': 0, 'errors': 6, 'input_tokens': 0, 'output_tokens': 0, 'embedding_tokens': 0, 'estimated_cost': 0.0}",0.0,1,False,0.0,1.0,0.03773584905660377,False,False,"Evaluator failed: 429 RESOURCE_EXHAUSTED. {'error': {'code': 429, 'message': 'Your project has exceeded its spending cap.', 'status': 'RESOURCE_EXHAUSTED'}}",0.0
main,main__grep__steps3__judge0__quality0__modenone,grep,3,False,False,none,q002,comparative,How do Ryan Hall and Kelsi Sheren differ in their interpretation of the history of human conflict and its impact on the individual?,"Ryan Hall approaches the history of violence and conflict through a philosophical lens, viewing the mindset of historical warriors like Miyamoto Musashi as a path toward personal grace and wisdom. In contrast, Kelsi Sheren focuses on the visceral and traumatic reality of modern warfare, highlighting how historical patterns of conflict result in lasting psychological damage like PTSD for those on the front lines.",Unable to generate answer due to an error.,"[125, 230, 438]",/home/adhiraj/Downloads/llm_project/agentic-rag-search/data/results/20260330_163055_main18_qualityoff_smoke3/trajectories/main__grep__steps3__judge0__quality0__modenone__q002.json,3,1,9.52137041091919,0,"{'requests': 0, 'errors': 6, 'input_tokens': 0, 'output_tokens': 0, 'embedding_tokens': 0, 'estimated_cost': 0.0}",0.0,1,False,0.0,1.0,0.0,False,False,"Evaluator failed: 429 RESOURCE_EXHAUSTED. {'error': {'code': 429, 'message': 'Your project has exceeded its spending cap.', 'status': 'RESOURCE_EXHAUSTED'}}",0.0
main,main__grep__steps3__judge1__quality0__modeprocess,grep,3,True,False,process,q000,multihop,"Ryan Hall mentions a tech entrepreneur in his discussion on the mindset of warriors; in a separate conversation with that entrepreneur about brain-computer interfaces, what was the specific bit rate achieved by the first human participant, Noland Arbaugh?",Noland Arbaugh achieved a bit rate of 8.5 bits per second using the Neuralink implant. This performance exceeded previous world records and was highlighted during Elon Musk's discussion on the progress of human-AI symbiosis.,Unable to generate answer due to an error.,"[125, 438]",/home/adhiraj/Downloads/llm_project/agentic-rag-search/data/results/20260330_163055_main18_qualityoff_smoke3/trajectories/main__grep__steps3__judge1__quality0__modeprocess__q000.json,3,1,9.549137115478516,0,"{'requests': 0, 'errors': 6, 'input_tokens': 0, 'output_tokens': 0, 'embedding_tokens': 0, 'estimated_cost': 0.0}",0.0,1,False,0.0,1.0,0.0,False,False,"Evaluator failed: 429 RESOURCE_EXHAUSTED. {'error': {'code': 429, 'message': 'Your project has exceeded its spending cap.', 'status': 'RESOURCE_EXHAUSTED'}}",0.0
main,main__grep__steps3__judge1__quality0__modeprocess,grep,3,True,False,process,q001,multihop,"Ben Goertzel mentions the work of Stephen Wolfram in the context of computational complexity and AGI; according to Wolfram's own explanation of his Physics Project, how is the concept of 'time' fundamentally defined?","In the Wolfram Physics Project, time is defined as the progression of computation, representing the repeated application of rules to the underlying structure of space. This differs from space itself, which Wolfram describes as being composed of discrete 'atoms of space' connected in a hypergraph.",Unable to generate answer due to an error.,"[103, 124]",/home/adhiraj/Downloads/llm_project/agentic-rag-search/data/results/20260330_163055_main18_qualityoff_smoke3/trajectories/main__grep__steps3__judge1__quality0__modeprocess__q001.json,3,1,9.645613193511963,0,"{'requests': 0, 'errors': 6, 'input_tokens': 0, 'output_tokens': 0, 'embedding_tokens': 0, 'estimated_cost': 0.0}",0.0,1,False,0.0,1.0,0.03773584905660377,False,False,"Evaluator failed: 429 RESOURCE_EXHAUSTED. {'error': {'code': 429, 'message': 'Your project has exceeded its spending cap.', 'status': 'RESOURCE_EXHAUSTED'}}",0.0
main,main__grep__steps3__judge1__quality0__modeprocess,grep,3,True,False,process,q002,comparative,How do Ryan Hall and Kelsi Sheren differ in their interpretation of the history of human conflict and its impact on the individual?,"Ryan Hall approaches the history of violence and conflict through a philosophical lens, viewing the mindset of historical warriors like Miyamoto Musashi as a path toward personal grace and wisdom. In contrast, Kelsi Sheren focuses on the visceral and traumatic reality of modern warfare, highlighting how historical patterns of conflict result in lasting psychological damage like PTSD for those on the front lines.",Unable to generate answer due to an error.,"[125, 230, 438]",/home/adhiraj/Downloads/llm_project/agentic-rag-search/data/results/20260330_163055_main18_qualityoff_smoke3/trajectories/main__grep__steps3__judge1__quality0__modeprocess__q002.json,3,1,9.35373568534851,0,"{'requests': 0, 'errors': 6, 'input_tokens': 0, 'output_tokens': 0, 'embedding_tokens': 0, 'estimated_cost': 0.0}",0.0,1,False,0.0,1.0,0.0,False,False,"Evaluator failed: 429 RESOURCE_EXHAUSTED. {'error': {'code': 429, 'message': 'Your project has exceeded its spending cap.', 'status': 'RESOURCE_EXHAUSTED'}}",0.0
main,main__grep__steps4__judge0__quality0__modenone,grep,4,False,False,none,q000,multihop,"Ryan Hall mentions a tech entrepreneur in his discussion on the mindset of warriors; in a separate conversation with that entrepreneur about brain-computer interfaces, what was the specific bit rate achieved by the first human participant, Noland Arbaugh?",Noland Arbaugh achieved a bit rate of 8.5 bits per second using the Neuralink implant. This performance exceeded previous world records and was highlighted during Elon Musk's discussion on the progress of human-AI symbiosis.,Unable to generate answer due to an error.,"[125, 438]",/home/adhiraj/Downloads/llm_project/agentic-rag-search/data/results/20260330_163055_main18_qualityoff_smoke3/trajectories/main__grep__steps4__judge0__quality0__modenone__q000.json,3,1,9.44070553779602,0,"{'requests': 0, 'errors': 6, 'input_tokens': 0, 'output_tokens': 0, 'embedding_tokens': 0, 'estimated_cost': 0.0}",0.0,1,False,0.0,1.0,0.0,False,False,"Evaluator failed: 429 RESOURCE_EXHAUSTED. {'error': {'code': 429, 'message': 'Your project has exceeded its spending cap.', 'status': 'RESOURCE_EXHAUSTED'}}",0.0
main,main__grep__steps4__judge0__quality0__modenone,grep,4,False,False,none,q001,multihop,"Ben Goertzel mentions the work of Stephen Wolfram in the context of computational complexity and AGI; according to Wolfram's own explanation of his Physics Project, how is the concept of 'time' fundamentally defined?","In the Wolfram Physics Project, time is defined as the progression of computation, representing the repeated application of rules to the underlying structure of space. This differs from space itself, which Wolfram describes as being composed of discrete 'atoms of space' connected in a hypergraph.",Unable to generate answer due to an error.,"[103, 124]",/home/adhiraj/Downloads/llm_project/agentic-rag-search/data/results/20260330_163055_main18_qualityoff_smoke3/trajectories/main__grep__steps4__judge0__quality0__modenone__q001.json,3,1,9.285659790039062,0,"{'requests': 0, 'errors': 6, 'input_tokens': 0, 'output_tokens': 0, 'embedding_tokens': 0, 'estimated_cost': 0.0}",0.0,1,False,0.0,1.0,0.03773584905660377,False,False,"Evaluator failed: 429 RESOURCE_EXHAUSTED. {'error': {'code': 429, 'message': 'Your project has exceeded its spending cap.', 'status': 'RESOURCE_EXHAUSTED'}}",0.0
main,main__grep__steps4__judge0__quality0__modenone,grep,4,False,False,none,q002,comparative,How do Ryan Hall and Kelsi Sheren differ in their interpretation of the history of human conflict and its impact on the individual?,"Ryan Hall approaches the history of violence and conflict through a philosophical lens, viewing the mindset of historical warriors like Miyamoto Musashi as a path toward personal grace and wisdom. In contrast, Kelsi Sheren focuses on the visceral and traumatic reality of modern warfare, highlighting how historical patterns of conflict result in lasting psychological damage like PTSD for those on the front lines.",Unable to generate answer due to an error.,"[125, 230, 438]",/home/adhiraj/Downloads/llm_project/agentic-rag-search/data/results/20260330_163055_main18_qualityoff_smoke3/trajectories/main__grep__steps4__judge0__quality0__modenone__q002.json,3,1,9.428269624710083,0,"{'requests': 0, 'errors': 6, 'input_tokens': 0, 'output_tokens': 0, 'embedding_tokens': 0, 'estimated_cost': 0.0}",0.0,1,False,0.0,1.0,0.0,False,False,"Evaluator failed: 429 RESOURCE_EXHAUSTED. {'error': {'code': 429, 'message': 'Your project has exceeded its spending cap.', 'status': 'RESOURCE_EXHAUSTED'}}",0.0
main,main__grep__steps4__judge1__quality0__modeprocess,grep,4,True,False,process,q000,multihop,"Ryan Hall mentions a tech entrepreneur in his discussion on the mindset of warriors; in a separate conversation with that entrepreneur about brain-computer interfaces, what was the specific bit rate achieved by the first human participant, Noland Arbaugh?",Noland Arbaugh achieved a bit rate of 8.5 bits per second using the Neuralink implant. This performance exceeded previous world records and was highlighted during Elon Musk's discussion on the progress of human-AI symbiosis.,Unable to generate answer due to an error.,"[125, 438]",/home/adhiraj/Downloads/llm_project/agentic-rag-search/data/results/20260330_163055_main18_qualityoff_smoke3/trajectories/main__grep__steps4__judge1__quality0__modeprocess__q000.json,3,1,9.299238204956055,0,"{'requests': 0, 'errors': 6, 'input_tokens': 0, 'output_tokens': 0, 'embedding_tokens': 0, 'estimated_cost': 0.0}",0.0,1,False,0.0,1.0,0.0,False,False,"Evaluator failed: 429 RESOURCE_EXHAUSTED. {'error': {'code': 429, 'message': 'Your project has exceeded its spending cap.', 'status': 'RESOURCE_EXHAUSTED'}}",0.0
main,main__grep__steps4__judge1__quality0__modeprocess,grep,4,True,False,process,q001,multihop,"Ben Goertzel mentions the work of Stephen Wolfram in the context of computational complexity and AGI; according to Wolfram's own explanation of his Physics Project, how is the concept of 'time' fundamentally defined?","In the Wolfram Physics Project, time is defined as the progression of computation, representing the repeated application of rules to the underlying structure of space. This differs from space itself, which Wolfram describes as being composed of discrete 'atoms of space' connected in a hypergraph.",Unable to generate answer due to an error.,"[103, 124]",/home/adhiraj/Downloads/llm_project/agentic-rag-search/data/results/20260330_163055_main18_qualityoff_smoke3/trajectories/main__grep__steps4__judge1__quality0__modeprocess__q001.json,3,1,9.394063949584961,0,"{'requests': 0, 'errors': 6, 'input_tokens': 0, 'output_tokens': 0, 'embedding_tokens': 0, 'estimated_cost': 0.0}",0.0,1,False,0.0,1.0,0.03773584905660377,False,False,"Evaluator failed: 429 RESOURCE_EXHAUSTED. {'error': {'code': 429, 'message': 'Your project has exceeded its spending cap.', 'status': 'RESOURCE_EXHAUSTED'}}",0.0
main,main__grep__steps4__judge1__quality0__modeprocess,grep,4,True,False,process,q002,comparative,How do Ryan Hall and Kelsi Sheren differ in their interpretation of the history of human conflict and its impact on the individual?,"Ryan Hall approaches the history of violence and conflict through a philosophical lens, viewing the mindset of historical warriors like Miyamoto Musashi as a path toward personal grace and wisdom. In contrast, Kelsi Sheren focuses on the visceral and traumatic reality of modern warfare, highlighting how historical patterns of conflict result in lasting psychological damage like PTSD for those on the front lines.",Unable to generate answer due to an error.,"[125, 230, 438]",/home/adhiraj/Downloads/llm_project/agentic-rag-search/data/results/20260330_163055_main18_qualityoff_smoke3/trajectories/main__grep__steps4__judge1__quality0__modeprocess__q002.json,3,1,9.570999383926392,0,"{'requests': 0, 'errors': 6, 'input_tokens': 0, 'output_tokens': 0, 'embedding_tokens': 0, 'estimated_cost': 0.0}",0.0,1,False,0.0,1.0,0.0,False,False,"Evaluator failed: 429 RESOURCE_EXHAUSTED. {'error': {'code': 429, 'message': 'Your project has exceeded its spending cap.', 'status': 'RESOURCE_EXHAUSTED'}}",0.0
main,main__bm25__steps2__judge0__quality0__modenone,bm25,2,False,False,none,q000,multihop,"Ryan Hall mentions a tech entrepreneur in his discussion on the mindset of warriors; in a separate conversation with that entrepreneur about brain-computer interfaces, what was the specific bit rate achieved by the first human participant, Noland Arbaugh?",Noland Arbaugh achieved a bit rate of 8.5 bits per second using the Neuralink implant. This performance exceeded previous world records and was highlighted during Elon Musk's discussion on the progress of human-AI symbiosis.,Unable to generate answer due to an error.,"[125, 438]",/home/adhiraj/Downloads/llm_project/agentic-rag-search/data/results/20260330_163055_main18_qualityoff_smoke3/trajectories/main__bm25__steps2__judge0__quality0__modenone__q000.json,3,1,9.575061082839966,0,"{'requests': 0, 'errors': 6, 'input_tokens': 0, 'output_tokens': 0, 'embedding_tokens': 0, 'estimated_cost': 0.0}",0.0,1,False,0.0,1.0,0.0,False,False,"Evaluator failed: 429 RESOURCE_EXHAUSTED. {'error': {'code': 429, 'message': 'Your project has exceeded its spending cap.', 'status': 'RESOURCE_EXHAUSTED'}}",0.0
main,main__bm25__steps2__judge0__quality0__modenone,bm25,2,False,False,none,q001,multihop,"Ben Goertzel mentions the work of Stephen Wolfram in the context of computational complexity and AGI; according to Wolfram's own explanation of his Physics Project, how is the concept of 'time' fundamentally defined?","In the Wolfram Physics Project, time is defined as the progression of computation, representing the repeated application of rules to the underlying structure of space. This differs from space itself, which Wolfram describes as being composed of discrete 'atoms of space' connected in a hypergraph.",Unable to generate answer due to an error.,"[103, 124]",/home/adhiraj/Downloads/llm_project/agentic-rag-search/data/results/20260330_163055_main18_qualityoff_smoke3/trajectories/main__bm25__steps2__judge0__quality0__modenone__q001.json,3,1,9.428890705108643,0,"{'requests': 0, 'errors': 6, 'input_tokens': 0, 'output_tokens': 0, 'embedding_tokens': 0, 'estimated_cost': 0.0}",0.0,1,False,0.0,1.0,0.03773584905660377,False,False,"Evaluator failed: 429 RESOURCE_EXHAUSTED. {'error': {'code': 429, 'message': 'Your project has exceeded its spending cap.', 'status': 'RESOURCE_EXHAUSTED'}}",0.0
main,main__bm25__steps2__judge0__quality0__modenone,bm25,2,False,False,none,q002,comparative,How do Ryan Hall and Kelsi Sheren differ in their interpretation of the history of human conflict and its impact on the individual?,"Ryan Hall approaches the history of violence and conflict through a philosophical lens, viewing the mindset of historical warriors like Miyamoto Musashi as a path toward personal grace and wisdom. In contrast, Kelsi Sheren focuses on the visceral and traumatic reality of modern warfare, highlighting how historical patterns of conflict result in lasting psychological damage like PTSD for those on the front lines.",Unable to generate answer due to an error.,"[125, 230, 438]",/home/adhiraj/Downloads/llm_project/agentic-rag-search/data/results/20260330_163055_main18_qualityoff_smoke3/trajectories/main__bm25__steps2__judge0__quality0__modenone__q002.json,3,1,9.478153944015503,0,"{'requests': 0, 'errors': 6, 'input_tokens': 0, 'output_tokens': 0, 'embedding_tokens': 0, 'estimated_cost': 0.0}",0.0,1,False,0.0,1.0,0.0,False,False,"Evaluator failed: 429 RESOURCE_EXHAUSTED. {'error': {'code': 429, 'message': 'Your project has exceeded its spending cap.', 'status': 'RESOURCE_EXHAUSTED'}}",0.0
main,main__bm25__steps2__judge1__quality0__modeprocess,bm25,2,True,False,process,q000,multihop,"Ryan Hall mentions a tech entrepreneur in his discussion on the mindset of warriors; in a separate conversation with that entrepreneur about brain-computer interfaces, what was the specific bit rate achieved by the first human participant, Noland Arbaugh?",Noland Arbaugh achieved a bit rate of 8.5 bits per second using the Neuralink implant. This performance exceeded previous world records and was highlighted during Elon Musk's discussion on the progress of human-AI symbiosis.,Unable to generate answer due to an error.,"[125, 438]",/home/adhiraj/Downloads/llm_project/agentic-rag-search/data/results/20260330_163055_main18_qualityoff_smoke3/trajectories/main__bm25__steps2__judge1__quality0__modeprocess__q000.json,3,1,9.461995840072632,0,"{'requests': 0, 'errors': 6, 'input_tokens': 0, 'output_tokens': 0, 'embedding_tokens': 0, 'estimated_cost': 0.0}",0.0,1,False,0.0,1.0,0.0,False,False,"Evaluator failed: 429 RESOURCE_EXHAUSTED. {'error': {'code': 429, 'message': 'Your project has exceeded its spending cap.', 'status': 'RESOURCE_EXHAUSTED'}}",0.0
main,main__bm25__steps2__judge1__quality0__modeprocess,bm25,2,True,False,process,q001,multihop,"Ben Goertzel mentions the work of Stephen Wolfram in the context of computational complexity and AGI; according to Wolfram's own explanation of his Physics Project, how is the concept of 'time' fundamentally defined?","In the Wolfram Physics Project, time is defined as the progression of computation, representing the repeated application of rules to the underlying structure of space. This differs from space itself, which Wolfram describes as being composed of discrete 'atoms of space' connected in a hypergraph.",Unable to generate answer due to an error.,"[103, 124]",/home/adhiraj/Downloads/llm_project/agentic-rag-search/data/results/20260330_163055_main18_qualityoff_smoke3/trajectories/main__bm25__steps2__judge1__quality0__modeprocess__q001.json,3,1,9.491984605789185,0,"{'requests': 0, 'errors': 6, 'input_tokens': 0, 'output_tokens': 0, 'embedding_tokens': 0, 'estimated_cost': 0.0}",0.0,1,False,0.0,1.0,0.03773584905660377,False,False,"Evaluator failed: 429 RESOURCE_EXHAUSTED. {'error': {'code': 429, 'message': 'Your project has exceeded its spending cap.', 'status': 'RESOURCE_EXHAUSTED'}}",0.0
main,main__bm25__steps2__judge1__quality0__modeprocess,bm25,2,True,False,process,q002,comparative,How do Ryan Hall and Kelsi Sheren differ in their interpretation of the history of human conflict and its impact on the individual?,"Ryan Hall approaches the history of violence and conflict through a philosophical lens, viewing the mindset of historical warriors like Miyamoto Musashi as a path toward personal grace and wisdom. In contrast, Kelsi Sheren focuses on the visceral and traumatic reality of modern warfare, highlighting how historical patterns of conflict result in lasting psychological damage like PTSD for those on the front lines.",Unable to generate answer due to an error.,"[125, 230, 438]",/home/adhiraj/Downloads/llm_project/agentic-rag-search/data/results/20260330_163055_main18_qualityoff_smoke3/trajectories/main__bm25__steps2__judge1__quality0__modeprocess__q002.json,3,1,9.43871808052063,0,"{'requests': 0, 'errors': 6, 'input_tokens': 0, 'output_tokens': 0, 'embedding_tokens': 0, 'estimated_cost': 0.0}",0.0,1,False,0.0,1.0,0.0,False,False,"Evaluator failed: 429 RESOURCE_EXHAUSTED. {'error': {'code': 429, 'message': 'Your project has exceeded its spending cap.', 'status': 'RESOURCE_EXHAUSTED'}}",0.0
main,main__bm25__steps3__judge0__quality0__modenone,bm25,3,False,False,none,q000,multihop,"Ryan Hall mentions a tech entrepreneur in his discussion on the mindset of warriors; in a separate conversation with that entrepreneur about brain-computer interfaces, what was the specific bit rate achieved by the first human participant, Noland Arbaugh?",Noland Arbaugh achieved a bit rate of 8.5 bits per second using the Neuralink implant. This performance exceeded previous world records and was highlighted during Elon Musk's discussion on the progress of human-AI symbiosis.,Unable to generate answer due to an error.,"[125, 438]",/home/adhiraj/Downloads/llm_project/agentic-rag-search/data/results/20260330_163055_main18_qualityoff_smoke3/trajectories/main__bm25__steps3__judge0__quality0__modenone__q000.json,3,1,9.42991828918457,0,"{'requests': 0, 'errors': 6, 'input_tokens': 0, 'output_tokens': 0, 'embedding_tokens': 0, 'estimated_cost': 0.0}",0.0,1,False,0.0,1.0,0.0,False,False,"Evaluator failed: 429 RESOURCE_EXHAUSTED. {'error': {'code': 429, 'message': 'Your project has exceeded its spending cap.', 'status': 'RESOURCE_EXHAUSTED'}}",0.0
main,main__bm25__steps3__judge0__quality0__modenone,bm25,3,False,False,none,q001,multihop,"Ben Goertzel mentions the work of Stephen Wolfram in the context of computational complexity and AGI; according to Wolfram's own explanation of his Physics Project, how is the concept of 'time' fundamentally defined?","In the Wolfram Physics Project, time is defined as the progression of computation, representing the repeated application of rules to the underlying structure of space. This differs from space itself, which Wolfram describes as being composed of discrete 'atoms of space' connected in a hypergraph.",Unable to generate answer due to an error.,"[103, 124]",/home/adhiraj/Downloads/llm_project/agentic-rag-search/data/results/20260330_163055_main18_qualityoff_smoke3/trajectories/main__bm25__steps3__judge0__quality0__modenone__q001.json,3,1,9.429871559143066,0,"{'requests': 0, 'errors': 6, 'input_tokens': 0, 'output_tokens': 0, 'embedding_tokens': 0, 'estimated_cost': 0.0}",0.0,1,False,0.0,1.0,0.03773584905660377,False,False,"Evaluator failed: 429 RESOURCE_EXHAUSTED. {'error': {'code': 429, 'message': 'Your project has exceeded its spending cap.', 'status': 'RESOURCE_EXHAUSTED'}}",0.0
main,main__bm25__steps3__judge0__quality0__modenone,bm25,3,False,False,none,q002,comparative,How do Ryan Hall and Kelsi Sheren differ in their interpretation of the history of human conflict and its impact on the individual?,"Ryan Hall approaches the history of violence and conflict through a philosophical lens, viewing the mindset of historical warriors like Miyamoto Musashi as a path toward personal grace and wisdom. In contrast, Kelsi Sheren focuses on the visceral and traumatic reality of modern warfare, highlighting how historical patterns of conflict result in lasting psychological damage like PTSD for those on the front lines.",Unable to generate answer due to an error.,"[125, 230, 438]",/home/adhiraj/Downloads/llm_project/agentic-rag-search/data/results/20260330_163055_main18_qualityoff_smoke3/trajectories/main__bm25__steps3__judge0__quality0__modenone__q002.json,3,1,9.434221744537354,0,"{'requests': 0, 'errors': 6, 'input_tokens': 0, 'output_tokens': 0, 'embedding_tokens': 0, 'estimated_cost': 0.0}",0.0,1,False,0.0,1.0,0.0,False,False,"Evaluator failed: 429 RESOURCE_EXHAUSTED. {'error': {'code': 429, 'message': 'Your project has exceeded its spending cap.', 'status': 'RESOURCE_EXHAUSTED'}}",0.0
main,main__bm25__steps3__judge1__quality0__modeprocess,bm25,3,True,False,process,q000,multihop,"Ryan Hall mentions a tech entrepreneur in his discussion on the mindset of warriors; in a separate conversation with that entrepreneur about brain-computer interfaces, what was the specific bit rate achieved by the first human participant, Noland Arbaugh?",Noland Arbaugh achieved a bit rate of 8.5 bits per second using the Neuralink implant. This performance exceeded previous world records and was highlighted during Elon Musk's discussion on the progress of human-AI symbiosis.,Unable to generate answer due to an error.,"[125, 438]",/home/adhiraj/Downloads/llm_project/agentic-rag-search/data/results/20260330_163055_main18_qualityoff_smoke3/trajectories/main__bm25__steps3__judge1__quality0__modeprocess__q000.json,3,1,9.357560873031616,0,"{'requests': 0, 'errors': 6, 'input_tokens': 0, 'output_tokens': 0, 'embedding_tokens': 0, 'estimated_cost': 0.0}",0.0,1,False,0.0,1.0,0.0,False,False,"Evaluator failed: 429 RESOURCE_EXHAUSTED. {'error': {'code': 429, 'message': 'Your project has exceeded its spending cap.', 'status': 'RESOURCE_EXHAUSTED'}}",0.0
main,main__bm25__steps3__judge1__quality0__modeprocess,bm25,3,True,False,process,q001,multihop,"Ben Goertzel mentions the work of Stephen Wolfram in the context of computational complexity and AGI; according to Wolfram's own explanation of his Physics Project, how is the concept of 'time' fundamentally defined?","In the Wolfram Physics Project, time is defined as the progression of computation, representing the repeated application of rules to the underlying structure of space. This differs from space itself, which Wolfram describes as being composed of discrete 'atoms of space' connected in a hypergraph.",Unable to generate answer due to an error.,"[103, 124]",/home/adhiraj/Downloads/llm_project/agentic-rag-search/data/results/20260330_163055_main18_qualityoff_smoke3/trajectories/main__bm25__steps3__judge1__quality0__modeprocess__q001.json,3,1,9.465177536010742,0,"{'requests': 0, 'errors': 6, 'input_tokens': 0, 'output_tokens': 0, 'embedding_tokens': 0, 'estimated_cost': 0.0}",0.0,1,False,0.0,1.0,0.03773584905660377,False,False,"Evaluator failed: 429 RESOURCE_EXHAUSTED. {'error': {'code': 429, 'message': 'Your project has exceeded its spending cap.', 'status': 'RESOURCE_EXHAUSTED'}}",0.0
main,main__bm25__steps3__judge1__quality0__modeprocess,bm25,3,True,False,process,q002,comparative,How do Ryan Hall and Kelsi Sheren differ in their interpretation of the history of human conflict and its impact on the individual?,"Ryan Hall approaches the history of violence and conflict through a philosophical lens, viewing the mindset of historical warriors like Miyamoto Musashi as a path toward personal grace and wisdom. In contrast, Kelsi Sheren focuses on the visceral and traumatic reality of modern warfare, highlighting how historical patterns of conflict result in lasting psychological damage like PTSD for those on the front lines.",Unable to generate answer due to an error.,"[125, 230, 438]",/home/adhiraj/Downloads/llm_project/agentic-rag-search/data/results/20260330_163055_main18_qualityoff_smoke3/trajectories/main__bm25__steps3__judge1__quality0__modeprocess__q002.json,3,1,9.43664836883545,0,"{'requests': 0, 'errors': 6, 'input_tokens': 0, 'output_tokens': 0, 'embedding_tokens': 0, 'estimated_cost': 0.0}",0.0,1,False,0.0,1.0,0.0,False,False,"Evaluator failed: 429 RESOURCE_EXHAUSTED. {'error': {'code': 429, 'message': 'Your project has exceeded its spending cap.', 'status': 'RESOURCE_EXHAUSTED'}}",0.0
main,main__bm25__steps4__judge0__quality0__modenone,bm25,4,False,False,none,q000,multihop,"Ryan Hall mentions a tech entrepreneur in his discussion on the mindset of warriors; in a separate conversation with that entrepreneur about brain-computer interfaces, what was the specific bit rate achieved by the first human participant, Noland Arbaugh?",Noland Arbaugh achieved a bit rate of 8.5 bits per second using the Neuralink implant. This performance exceeded previous world records and was highlighted during Elon Musk's discussion on the progress of human-AI symbiosis.,Unable to generate answer due to an error.,"[125, 438]",/home/adhiraj/Downloads/llm_project/agentic-rag-search/data/results/20260330_163055_main18_qualityoff_smoke3/trajectories/main__bm25__steps4__judge0__quality0__modenone__q000.json,3,1,9.304548501968384,0,"{'requests': 0, 'errors': 6, 'input_tokens': 0, 'output_tokens': 0, 'embedding_tokens': 0, 'estimated_cost': 0.0}",0.0,1,False,0.0,1.0,0.0,False,False,"Evaluator failed: 429 RESOURCE_EXHAUSTED. {'error': {'code': 429, 'message': 'Your project has exceeded its spending cap.', 'status': 'RESOURCE_EXHAUSTED'}}",0.0
main,main__bm25__steps4__judge0__quality0__modenone,bm25,4,False,False,none,q001,multihop,"Ben Goertzel mentions the work of Stephen Wolfram in the context of computational complexity and AGI; according to Wolfram's own explanation of his Physics Project, how is the concept of 'time' fundamentally defined?","In the Wolfram Physics Project, time is defined as the progression of computation, representing the repeated application of rules to the underlying structure of space. This differs from space itself, which Wolfram describes as being composed of discrete 'atoms of space' connected in a hypergraph.",Unable to generate answer due to an error.,"[103, 124]",/home/adhiraj/Downloads/llm_project/agentic-rag-search/data/results/20260330_163055_main18_qualityoff_smoke3/trajectories/main__bm25__steps4__judge0__quality0__modenone__q001.json,3,1,9.470825672149658,0,"{'requests': 0, 'errors': 6, 'input_tokens': 0, 'output_tokens': 0, 'embedding_tokens': 0, 'estimated_cost': 0.0}",0.0,1,False,0.0,1.0,0.03773584905660377,False,False,"Evaluator failed: 429 RESOURCE_EXHAUSTED. {'error': {'code': 429, 'message': 'Your project has exceeded its spending cap.', 'status': 'RESOURCE_EXHAUSTED'}}",0.0
main,main__bm25__steps4__judge0__quality0__modenone,bm25,4,False,False,none,q002,comparative,How do Ryan Hall and Kelsi Sheren differ in their interpretation of the history of human conflict and its impact on the individual?,"Ryan Hall approaches the history of violence and conflict through a philosophical lens, viewing the mindset of historical warriors like Miyamoto Musashi as a path toward personal grace and wisdom. In contrast, Kelsi Sheren focuses on the visceral and traumatic reality of modern warfare, highlighting how historical patterns of conflict result in lasting psychological damage like PTSD for those on the front lines.",Unable to generate answer due to an error.,"[125, 230, 438]",/home/adhiraj/Downloads/llm_project/agentic-rag-search/data/results/20260330_163055_main18_qualityoff_smoke3/trajectories/main__bm25__steps4__judge0__quality0__modenone__q002.json,3,1,9.43147611618042,0,"{'requests': 0, 'errors': 6, 'input_tokens': 0, 'output_tokens': 0, 'embedding_tokens': 0, 'estimated_cost': 0.0}",0.0,1,False,0.0,1.0,0.0,False,False,"Evaluator failed: 429 RESOURCE_EXHAUSTED. {'error': {'code': 429, 'message': 'Your project has exceeded its spending cap.', 'status': 'RESOURCE_EXHAUSTED'}}",0.0
main,main__bm25__steps4__judge1__quality0__modeprocess,bm25,4,True,False,process,q000,multihop,"Ryan Hall mentions a tech entrepreneur in his discussion on the mindset of warriors; in a separate conversation with that entrepreneur about brain-computer interfaces, what was the specific bit rate achieved by the first human participant, Noland Arbaugh?",Noland Arbaugh achieved a bit rate of 8.5 bits per second using the Neuralink implant. This performance exceeded previous world records and was highlighted during Elon Musk's discussion on the progress of human-AI symbiosis.,Unable to generate answer due to an error.,"[125, 438]",/home/adhiraj/Downloads/llm_project/agentic-rag-search/data/results/20260330_163055_main18_qualityoff_smoke3/trajectories/main__bm25__steps4__judge1__quality0__modeprocess__q000.json,3,1,9.381198644638062,0,"{'requests': 0, 'errors': 6, 'input_tokens': 0, 'output_tokens': 0, 'embedding_tokens': 0, 'estimated_cost': 0.0}",0.0,1,False,0.0,1.0,0.0,False,False,"Evaluator failed: 429 RESOURCE_EXHAUSTED. {'error': {'code': 429, 'message': 'Your project has exceeded its spending cap.', 'status': 'RESOURCE_EXHAUSTED'}}",0.0
main,main__bm25__steps4__judge1__quality0__modeprocess,bm25,4,True,False,process,q001,multihop,"Ben Goertzel mentions the work of Stephen Wolfram in the context of computational complexity and AGI; according to Wolfram's own explanation of his Physics Project, how is the concept of 'time' fundamentally defined?","In the Wolfram Physics Project, time is defined as the progression of computation, representing the repeated application of rules to the underlying structure of space. This differs from space itself, which Wolfram describes as being composed of discrete 'atoms of space' connected in a hypergraph.",Unable to generate answer due to an error.,"[103, 124]",/home/adhiraj/Downloads/llm_project/agentic-rag-search/data/results/20260330_163055_main18_qualityoff_smoke3/trajectories/main__bm25__steps4__judge1__quality0__modeprocess__q001.json,3,1,9.445943832397461,0,"{'requests': 0, 'errors': 6, 'input_tokens': 0, 'output_tokens': 0, 'embedding_tokens': 0, 'estimated_cost': 0.0}",0.0,1,False,0.0,1.0,0.03773584905660377,False,False,"Evaluator failed: 429 RESOURCE_EXHAUSTED. {'error': {'code': 429, 'message': 'Your project has exceeded its spending cap.', 'status': 'RESOURCE_EXHAUSTED'}}",0.0
main,main__bm25__steps4__judge1__quality0__modeprocess,bm25,4,True,False,process,q002,comparative,How do Ryan Hall and Kelsi Sheren differ in their interpretation of the history of human conflict and its impact on the individual?,"Ryan Hall approaches the history of violence and conflict through a philosophical lens, viewing the mindset of historical warriors like Miyamoto Musashi as a path toward personal grace and wisdom. In contrast, Kelsi Sheren focuses on the visceral and traumatic reality of modern warfare, highlighting how historical patterns of conflict result in lasting psychological damage like PTSD for those on the front lines.",Unable to generate answer due to an error.,"[125, 230, 438]",/home/adhiraj/Downloads/llm_project/agentic-rag-search/data/results/20260330_163055_main18_qualityoff_smoke3/trajectories/main__bm25__steps4__judge1__quality0__modeprocess__q002.json,3,1,9.441352128982544,0,"{'requests': 0, 'errors': 6, 'input_tokens': 0, 'output_tokens': 0, 'embedding_tokens': 0, 'estimated_cost': 0.0}",0.0,1,False,0.0,1.0,0.0,False,False,"Evaluator failed: 429 RESOURCE_EXHAUSTED. {'error': {'code': 429, 'message': 'Your project has exceeded its spending cap.', 'status': 'RESOURCE_EXHAUSTED'}}",0.0
main,main__embedding__steps2__judge0__quality0__modenone,embedding,2,False,False,none,q000,multihop,"Ryan Hall mentions a tech entrepreneur in his discussion on the mindset of warriors; in a separate conversation with that entrepreneur about brain-computer interfaces, what was the specific bit rate achieved by the first human participant, Noland Arbaugh?",Noland Arbaugh achieved a bit rate of 8.5 bits per second using the Neuralink implant. This performance exceeded previous world records and was highlighted during Elon Musk's discussion on the progress of human-AI symbiosis.,Unable to generate answer due to an error.,"[125, 438]",/home/adhiraj/Downloads/llm_project/agentic-rag-search/data/results/20260330_163055_main18_qualityoff_smoke3/trajectories/main__embedding__steps2__judge0__quality0__modenone__q000.json,3,1,9.468177795410156,0,"{'requests': 0, 'errors': 6, 'input_tokens': 0, 'output_tokens': 0, 'embedding_tokens': 0, 'estimated_cost': 0.0}",0.0,1,False,0.0,1.0,0.0,False,False,"Evaluator failed: 429 RESOURCE_EXHAUSTED. {'error': {'code': 429, 'message': 'Your project has exceeded its spending cap.', 'status': 'RESOURCE_EXHAUSTED'}}",0.0
main,main__embedding__steps2__judge0__quality0__modenone,embedding,2,False,False,none,q001,multihop,"Ben Goertzel mentions the work of Stephen Wolfram in the context of computational complexity and AGI; according to Wolfram's own explanation of his Physics Project, how is the concept of 'time' fundamentally defined?","In the Wolfram Physics Project, time is defined as the progression of computation, representing the repeated application of rules to the underlying structure of space. This differs from space itself, which Wolfram describes as being composed of discrete 'atoms of space' connected in a hypergraph.",Unable to generate answer due to an error.,"[103, 124]",/home/adhiraj/Downloads/llm_project/agentic-rag-search/data/results/20260330_163055_main18_qualityoff_smoke3/trajectories/main__embedding__steps2__judge0__quality0__modenone__q001.json,3,1,9.40558385848999,0,"{'requests': 0, 'errors': 6, 'input_tokens': 0, 'output_tokens': 0, 'embedding_tokens': 0, 'estimated_cost': 0.0}",0.0,1,False,0.0,1.0,0.03773584905660377,False,False,"Evaluator failed: 429 RESOURCE_EXHAUSTED. {'error': {'code': 429, 'message': 'Your project has exceeded its spending cap.', 'status': 'RESOURCE_EXHAUSTED'}}",0.0
main,main__embedding__steps2__judge0__quality0__modenone,embedding,2,False,False,none,q002,comparative,How do Ryan Hall and Kelsi Sheren differ in their interpretation of the history of human conflict and its impact on the individual?,"Ryan Hall approaches the history of violence and conflict through a philosophical lens, viewing the mindset of historical warriors like Miyamoto Musashi as a path toward personal grace and wisdom. In contrast, Kelsi Sheren focuses on the visceral and traumatic reality of modern warfare, highlighting how historical patterns of conflict result in lasting psychological damage like PTSD for those on the front lines.",Unable to generate answer due to an error.,"[125, 230, 438]",/home/adhiraj/Downloads/llm_project/agentic-rag-search/data/results/20260330_163055_main18_qualityoff_smoke3/trajectories/main__embedding__steps2__judge0__quality0__modenone__q002.json,3,1,9.49554443359375,0,"{'requests': 0, 'errors': 6, 'input_tokens': 0, 'output_tokens': 0, 'embedding_tokens': 0, 'estimated_cost': 0.0}",0.0,1,False,0.0,1.0,0.0,False,False,"Evaluator failed: 429 RESOURCE_EXHAUSTED. {'error': {'code': 429, 'message': 'Your project has exceeded its spending cap.', 'status': 'RESOURCE_EXHAUSTED'}}",0.0
main,main__embedding__steps2__judge1__quality0__modeprocess,embedding,2,True,False,process,q000,multihop,"Ryan Hall mentions a tech entrepreneur in his discussion on the mindset of warriors; in a separate conversation with that entrepreneur about brain-computer interfaces, what was the specific bit rate achieved by the first human participant, Noland Arbaugh?",Noland Arbaugh achieved a bit rate of 8.5 bits per second using the Neuralink implant. This performance exceeded previous world records and was highlighted during Elon Musk's discussion on the progress of human-AI symbiosis.,Unable to generate answer due to an error.,"[125, 438]",/home/adhiraj/Downloads/llm_project/agentic-rag-search/data/results/20260330_163055_main18_qualityoff_smoke3/trajectories/main__embedding__steps2__judge1__quality0__modeprocess__q000.json,3,1,9.449326515197754,0,"{'requests': 0, 'errors': 6, 'input_tokens': 0, 'output_tokens': 0, 'embedding_tokens': 0, 'estimated_cost': 0.0}",0.0,1,False,0.0,1.0,0.0,False,False,"Evaluator failed: 429 RESOURCE_EXHAUSTED. {'error': {'code': 429, 'message': 'Your project has exceeded its spending cap.', 'status': 'RESOURCE_EXHAUSTED'}}",0.0
main,main__embedding__steps2__judge1__quality0__modeprocess,embedding,2,True,False,process,q001,multihop,"Ben Goertzel mentions the work of Stephen Wolfram in the context of computational complexity and AGI; according to Wolfram's own explanation of his Physics Project, how is the concept of 'time' fundamentally defined?","In the Wolfram Physics Project, time is defined as the progression of computation, representing the repeated application of rules to the underlying structure of space. This differs from space itself, which Wolfram describes as being composed of discrete 'atoms of space' connected in a hypergraph.",Unable to generate answer due to an error.,"[103, 124]",/home/adhiraj/Downloads/llm_project/agentic-rag-search/data/results/20260330_163055_main18_qualityoff_smoke3/trajectories/main__embedding__steps2__judge1__quality0__modeprocess__q001.json,3,1,9.455707311630249,0,"{'requests': 0, 'errors': 6, 'input_tokens': 0, 'output_tokens': 0, 'embedding_tokens': 0, 'estimated_cost': 0.0}",0.0,1,False,0.0,1.0,0.03773584905660377,False,False,"Evaluator failed: 429 RESOURCE_EXHAUSTED. {'error': {'code': 429, 'message': 'Your project has exceeded its spending cap.', 'status': 'RESOURCE_EXHAUSTED'}}",0.0
main,main__embedding__steps2__judge1__quality0__modeprocess,embedding,2,True,False,process,q002,comparative,How do Ryan Hall and Kelsi Sheren differ in their interpretation of the history of human conflict and its impact on the individual?,"Ryan Hall approaches the history of violence and conflict through a philosophical lens, viewing the mindset of historical warriors like Miyamoto Musashi as a path toward personal grace and wisdom. In contrast, Kelsi Sheren focuses on the visceral and traumatic reality of modern warfare, highlighting how historical patterns of conflict result in lasting psychological damage like PTSD for those on the front lines.",Unable to generate answer due to an error.,"[125, 230, 438]",/home/adhiraj/Downloads/llm_project/agentic-rag-search/data/results/20260330_163055_main18_qualityoff_smoke3/trajectories/main__embedding__steps2__judge1__quality0__modeprocess__q002.json,3,1,9.34064793586731,0,"{'requests': 0, 'errors': 6, 'input_tokens': 0, 'output_tokens': 0, 'embedding_tokens': 0, 'estimated_cost': 0.0}",0.0,1,False,0.0,1.0,0.0,False,False,"Evaluator failed: 429 RESOURCE_EXHAUSTED. {'error': {'code': 429, 'message': 'Your project has exceeded its spending cap.', 'status': 'RESOURCE_EXHAUSTED'}}",0.0
main,main__embedding__steps3__judge0__quality0__modenone,embedding,3,False,False,none,q000,multihop,"Ryan Hall mentions a tech entrepreneur in his discussion on the mindset of warriors; in a separate conversation with that entrepreneur about brain-computer interfaces, what was the specific bit rate achieved by the first human participant, Noland Arbaugh?",Noland Arbaugh achieved a bit rate of 8.5 bits per second using the Neuralink implant. This performance exceeded previous world records and was highlighted during Elon Musk's discussion on the progress of human-AI symbiosis.,Unable to generate answer due to an error.,"[125, 438]",/home/adhiraj/Downloads/llm_project/agentic-rag-search/data/results/20260330_163055_main18_qualityoff_smoke3/trajectories/main__embedding__steps3__judge0__quality0__modenone__q000.json,3,1,9.281454086303711,0,"{'requests': 0, 'errors': 6, 'input_tokens': 0, 'output_tokens': 0, 'embedding_tokens': 0, 'estimated_cost': 0.0}",0.0,1,False,0.0,1.0,0.0,False,False,"Evaluator failed: 429 RESOURCE_EXHAUSTED. {'error': {'code': 429, 'message': 'Your project has exceeded its spending cap.', 'status': 'RESOURCE_EXHAUSTED'}}",0.0
main,main__embedding__steps3__judge0__quality0__modenone,embedding,3,False,False,none,q001,multihop,"Ben Goertzel mentions the work of Stephen Wolfram in the context of computational complexity and AGI; according to Wolfram's own explanation of his Physics Project, how is the concept of 'time' fundamentally defined?","In the Wolfram Physics Project, time is defined as the progression of computation, representing the repeated application of rules to the underlying structure of space. This differs from space itself, which Wolfram describes as being composed of discrete 'atoms of space' connected in a hypergraph.",Unable to generate answer due to an error.,"[103, 124]",/home/adhiraj/Downloads/llm_project/agentic-rag-search/data/results/20260330_163055_main18_qualityoff_smoke3/trajectories/main__embedding__steps3__judge0__quality0__modenone__q001.json,3,1,9.327273845672607,0,"{'requests': 0, 'errors': 6, 'input_tokens': 0, 'output_tokens': 0, 'embedding_tokens': 0, 'estimated_cost': 0.0}",0.0,1,False,0.0,1.0,0.03773584905660377,False,False,"Evaluator failed: 429 RESOURCE_EXHAUSTED. {'error': {'code': 429, 'message': 'Your project has exceeded its spending cap.', 'status': 'RESOURCE_EXHAUSTED'}}",0.0
main,main__embedding__steps3__judge0__quality0__modenone,embedding,3,False,False,none,q002,comparative,How do Ryan Hall and Kelsi Sheren differ in their interpretation of the history of human conflict and its impact on the individual?,"Ryan Hall approaches the history of violence and conflict through a philosophical lens, viewing the mindset of historical warriors like Miyamoto Musashi as a path toward personal grace and wisdom. In contrast, Kelsi Sheren focuses on the visceral and traumatic reality of modern warfare, highlighting how historical patterns of conflict result in lasting psychological damage like PTSD for those on the front lines.",Unable to generate answer due to an error.,"[125, 230, 438]",/home/adhiraj/Downloads/llm_project/agentic-rag-search/data/results/20260330_163055_main18_qualityoff_smoke3/trajectories/main__embedding__steps3__judge0__quality0__modenone__q002.json,3,1,9.485848903656006,0,"{'requests': 0, 'errors': 6, 'input_tokens': 0, 'output_tokens': 0, 'embedding_tokens': 0, 'estimated_cost': 0.0}",0.0,1,False,0.0,1.0,0.0,False,False,"Evaluator failed: 429 RESOURCE_EXHAUSTED. {'error': {'code': 429, 'message': 'Your project has exceeded its spending cap.', 'status': 'RESOURCE_EXHAUSTED'}}",0.0
main,main__embedding__steps3__judge1__quality0__modeprocess,embedding,3,True,False,process,q000,multihop,"Ryan Hall mentions a tech entrepreneur in his discussion on the mindset of warriors; in a separate conversation with that entrepreneur about brain-computer interfaces, what was the specific bit rate achieved by the first human participant, Noland Arbaugh?",Noland Arbaugh achieved a bit rate of 8.5 bits per second using the Neuralink implant. This performance exceeded previous world records and was highlighted during Elon Musk's discussion on the progress of human-AI symbiosis.,Unable to generate answer due to an error.,"[125, 438]",/home/adhiraj/Downloads/llm_project/agentic-rag-search/data/results/20260330_163055_main18_qualityoff_smoke3/trajectories/main__embedding__steps3__judge1__quality0__modeprocess__q000.json,3,1,9.331918954849243,0,"{'requests': 0, 'errors': 6, 'input_tokens': 0, 'output_tokens': 0, 'embedding_tokens': 0, 'estimated_cost': 0.0}",0.0,1,False,0.0,1.0,0.0,False,False,"Evaluator failed: 429 RESOURCE_EXHAUSTED. {'error': {'code': 429, 'message': 'Your project has exceeded its spending cap.', 'status': 'RESOURCE_EXHAUSTED'}}",0.0
main,main__embedding__steps3__judge1__quality0__modeprocess,embedding,3,True,False,process,q001,multihop,"Ben Goertzel mentions the work of Stephen Wolfram in the context of computational complexity and AGI; according to Wolfram's own explanation of his Physics Project, how is the concept of 'time' fundamentally defined?","In the Wolfram Physics Project, time is defined as the progression of computation, representing the repeated application of rules to the underlying structure of space. This differs from space itself, which Wolfram describes as being composed of discrete 'atoms of space' connected in a hypergraph.",Unable to generate answer due to an error.,"[103, 124]",/home/adhiraj/Downloads/llm_project/agentic-rag-search/data/results/20260330_163055_main18_qualityoff_smoke3/trajectories/main__embedding__steps3__judge1__quality0__modeprocess__q001.json,3,1,9.330097198486328,0,"{'requests': 0, 'errors': 6, 'input_tokens': 0, 'output_tokens': 0, 'embedding_tokens': 0, 'estimated_cost': 0.0}",0.0,1,False,0.0,1.0,0.03773584905660377,False,False,"Evaluator failed: 429 RESOURCE_EXHAUSTED. {'error': {'code': 429, 'message': 'Your project has exceeded its spending cap.', 'status': 'RESOURCE_EXHAUSTED'}}",0.0
main,main__embedding__steps3__judge1__quality0__modeprocess,embedding,3,True,False,process,q002,comparative,How do Ryan Hall and Kelsi Sheren differ in their interpretation of the history of human conflict and its impact on the individual?,"Ryan Hall approaches the history of violence and conflict through a philosophical lens, viewing the mindset of historical warriors like Miyamoto Musashi as a path toward personal grace and wisdom. In contrast, Kelsi Sheren focuses on the visceral and traumatic reality of modern warfare, highlighting how historical patterns of conflict result in lasting psychological damage like PTSD for those on the front lines.",Unable to generate answer due to an error.,"[125, 230, 438]",/home/adhiraj/Downloads/llm_project/agentic-rag-search/data/results/20260330_163055_main18_qualityoff_smoke3/trajectories/main__embedding__steps3__judge1__quality0__modeprocess__q002.json,3,1,9.415671586990356,0,"{'requests': 0, 'errors': 6, 'input_tokens': 0, 'output_tokens': 0, 'embedding_tokens': 0, 'estimated_cost': 0.0}",0.0,1,False,0.0,1.0,0.0,False,False,"Evaluator failed: 429 RESOURCE_EXHAUSTED. {'error': {'code': 429, 'message': 'Your project has exceeded its spending cap.', 'status': 'RESOURCE_EXHAUSTED'}}",0.0
main,main__embedding__steps4__judge0__quality0__modenone,embedding,4,False,False,none,q000,multihop,"Ryan Hall mentions a tech entrepreneur in his discussion on the mindset of warriors; in a separate conversation with that entrepreneur about brain-computer interfaces, what was the specific bit rate achieved by the first human participant, Noland Arbaugh?",Noland Arbaugh achieved a bit rate of 8.5 bits per second using the Neuralink implant. This performance exceeded previous world records and was highlighted during Elon Musk's discussion on the progress of human-AI symbiosis.,Unable to generate answer due to an error.,"[125, 438]",/home/adhiraj/Downloads/llm_project/agentic-rag-search/data/results/20260330_163055_main18_qualityoff_smoke3/trajectories/main__embedding__steps4__judge0__quality0__modenone__q000.json,3,1,9.336684942245483,0,"{'requests': 0, 'errors': 6, 'input_tokens': 0, 'output_tokens': 0, 'embedding_tokens': 0, 'estimated_cost': 0.0}",0.0,1,False,0.0,1.0,0.0,False,False,"Evaluator failed: 429 RESOURCE_EXHAUSTED. {'error': {'code': 429, 'message': 'Your project has exceeded its spending cap.', 'status': 'RESOURCE_EXHAUSTED'}}",0.0
main,main__embedding__steps4__judge0__quality0__modenone,embedding,4,False,False,none,q001,multihop,"Ben Goertzel mentions the work of Stephen Wolfram in the context of computational complexity and AGI; according to Wolfram's own explanation of his Physics Project, how is the concept of 'time' fundamentally defined?","In the Wolfram Physics Project, time is defined as the progression of computation, representing the repeated application of rules to the underlying structure of space. This differs from space itself, which Wolfram describes as being composed of discrete 'atoms of space' connected in a hypergraph.",Unable to generate answer due to an error.,"[103, 124]",/home/adhiraj/Downloads/llm_project/agentic-rag-search/data/results/20260330_163055_main18_qualityoff_smoke3/trajectories/main__embedding__steps4__judge0__quality0__modenone__q001.json,3,1,9.328446388244629,0,"{'requests': 0, 'errors': 6, 'input_tokens': 0, 'output_tokens': 0, 'embedding_tokens': 0, 'estimated_cost': 0.0}",0.0,1,False,0.0,1.0,0.03773584905660377,False,False,"Evaluator failed: 429 RESOURCE_EXHAUSTED. {'error': {'code': 429, 'message': 'Your project has exceeded its spending cap.', 'status': 'RESOURCE_EXHAUSTED'}}",0.0
main,main__embedding__steps4__judge0__quality0__modenone,embedding,4,False,False,none,q002,comparative,How do Ryan Hall and Kelsi Sheren differ in their interpretation of the history of human conflict and its impact on the individual?,"Ryan Hall approaches the history of violence and conflict through a philosophical lens, viewing the mindset of historical warriors like Miyamoto Musashi as a path toward personal grace and wisdom. In contrast, Kelsi Sheren focuses on the visceral and traumatic reality of modern warfare, highlighting how historical patterns of conflict result in lasting psychological damage like PTSD for those on the front lines.",Unable to generate answer due to an error.,"[125, 230, 438]",/home/adhiraj/Downloads/llm_project/agentic-rag-search/data/results/20260330_163055_main18_qualityoff_smoke3/trajectories/main__embedding__steps4__judge0__quality0__modenone__q002.json,3,1,9.37981915473938,0,"{'requests': 0, 'errors': 6, 'input_tokens': 0, 'output_tokens': 0, 'embedding_tokens': 0, 'estimated_cost': 0.0}",0.0,1,False,0.0,1.0,0.0,False,False,"Evaluator failed: 429 RESOURCE_EXHAUSTED. {'error': {'code': 429, 'message': 'Your project has exceeded its spending cap.', 'status': 'RESOURCE_EXHAUSTED'}}",0.0
main,main__embedding__steps4__judge1__quality0__modeprocess,embedding,4,True,False,process,q000,multihop,"Ryan Hall mentions a tech entrepreneur in his discussion on the mindset of warriors; in a separate conversation with that entrepreneur about brain-computer interfaces, what was the specific bit rate achieved by the first human participant, Noland Arbaugh?",Noland Arbaugh achieved a bit rate of 8.5 bits per second using the Neuralink implant. This performance exceeded previous world records and was highlighted during Elon Musk's discussion on the progress of human-AI symbiosis.,Unable to generate answer due to an error.,"[125, 438]",/home/adhiraj/Downloads/llm_project/agentic-rag-search/data/results/20260330_163055_main18_qualityoff_smoke3/trajectories/main__embedding__steps4__judge1__quality0__modeprocess__q000.json,3,1,9.323181390762329,0,"{'requests': 0, 'errors': 6, 'input_tokens': 0, 'output_tokens': 0, 'embedding_tokens': 0, 'estimated_cost': 0.0}",0.0,1,False,0.0,1.0,0.0,False,False,"Evaluator failed: 429 RESOURCE_EXHAUSTED. {'error': {'code': 429, 'message': 'Your project has exceeded its spending cap.', 'status': 'RESOURCE_EXHAUSTED'}}",0.0
main,main__embedding__steps4__judge1__quality0__modeprocess,embedding,4,True,False,process,q001,multihop,"Ben Goertzel mentions the work of Stephen Wolfram in the context of computational complexity and AGI; according to Wolfram's own explanation of his Physics Project, how is the concept of 'time' fundamentally defined?","In the Wolfram Physics Project, time is defined as the progression of computation, representing the repeated application of rules to the underlying structure of space. This differs from space itself, which Wolfram describes as being composed of discrete 'atoms of space' connected in a hypergraph.",Unable to generate answer due to an error.,"[103, 124]",/home/adhiraj/Downloads/llm_project/agentic-rag-search/data/results/20260330_163055_main18_qualityoff_smoke3/trajectories/main__embedding__steps4__judge1__quality0__modeprocess__q001.json,3,1,9.440577507019043,0,"{'requests': 0, 'errors': 6, 'input_tokens': 0, 'output_tokens': 0, 'embedding_tokens': 0, 'estimated_cost': 0.0}",0.0,1,False,0.0,1.0,0.03773584905660377,False,False,"Evaluator failed: 429 RESOURCE_EXHAUSTED. {'error': {'code': 429, 'message': 'Your project has exceeded its spending cap.', 'status': 'RESOURCE_EXHAUSTED'}}",0.0
main,main__embedding__steps4__judge1__quality0__modeprocess,embedding,4,True,False,process,q002,comparative,How do Ryan Hall and Kelsi Sheren differ in their interpretation of the history of human conflict and its impact on the individual?,"Ryan Hall approaches the history of violence and conflict through a philosophical lens, viewing the mindset of historical warriors like Miyamoto Musashi as a path toward personal grace and wisdom. In contrast, Kelsi Sheren focuses on the visceral and traumatic reality of modern warfare, highlighting how historical patterns of conflict result in lasting psychological damage like PTSD for those on the front lines.",Unable to generate answer due to an error.,"[125, 230, 438]",/home/adhiraj/Downloads/llm_project/agentic-rag-search/data/results/20260330_163055_main18_qualityoff_smoke3/trajectories/main__embedding__steps4__judge1__quality0__modeprocess__q002.json,3,1,9.450947284698486,0,"{'requests': 0, 'errors': 6, 'input_tokens': 0, 'output_tokens': 0, 'embedding_tokens': 0, 'estimated_cost': 0.0}",0.0,1,False,0.0,1.0,0.0,False,False,"Evaluator failed: 429 RESOURCE_EXHAUSTED. {'error': {'code': 429, 'message': 'Your project has exceeded its spending cap.', 'status': 'RESOURCE_EXHAUSTED'}}",0.0
